"Receptor","Peptide","EC50.ED50:(Intercept)"
"","",""
"GLWLp.R018a","GLWL","8.97350005615702e-07"
"GLWLp.R018b","GLWL","1.51418792064391e-08"
"HIRa.R021","HIRa3","7.6399935275096e-12"
"HIRa.R029","HIRa3","1.8546057833605e-07"
"FLRNa.R026","FLRNa","7.42898999737794e-08"
"FLRNa.R197","FLRNa","1.087981910607e-08"
"FLRNa.R197","FYRVa","6.55401742259042e-07"
"FLRNa.R230","FLRNa","4.10448041555765e-09"
"PFHa.R036","PFHa","1.20414166166233e-08"
"QWa.R069","QWa1","7.97401639109842e-07"
"QGRFa.R070","RFa0","1.69987621812269e-05"
"QGRFa.R070","QGRFa","2.09699185327477e-06"
"QGRFa.R234","QGRFa","2.18288095525863e-09"
"QITRFa.R196","RFa0","7.6984914983489e-11"
"LRWa1.R019","LRWa1","9.09139494962045e-08"
"LRWa1.R019","LRWa2","1.49617627909064e-06"
"LRWa1.R019","LRWa3","3.39306994204461e-06"
"LRWa.R193","LRWa1","6.64404294808225e-11"
"LRWa.R193","LRWa2","1.03677099044643e-10"
"LRWa.R193","LRWa3","1.31248113597821e-10"
"LRWa3.R204","LRWa1","3.3992096805769e-08"
"LRWa3.R204","LRWa2","1.74927617478482e-07"
"LRWa3.R204","LRWa3","4.55387959127637e-10"
"LRWa2.R213","LRWa1","5.41914243142812e-08"
"LRWa2.R213","LRWa2","8.7300167742889e-09"
"LRWa2.R213","LRWa3","1.08287858185338e-07"
"PRGa.R028","PRGa","1.01050465460814e-08"
"PRGa.R032","PRGa","3.41285904331054e-08"
"PRGa.R198","PRGa","3.82430212768162e-10"
"PRGa.R199","PRGa","4.43251220150854e-10"
"PRGa.R200","PRGa","1.83268784926295e-09"
"PRGa.R202","PRGa","2.49043858386879e-09"
"PRGa.R210","PRGa","4.41172179231873e-11"
"PRGa.R211","PRGa","1.9165150263284e-10"
"PRGa.R219","PRGa","2.06698802949528e-08"
"PRGa.R220","PRGa","2.80277035455746e-09"
"PRGa.R221","PRGa","4.14848026417136e-08"
"PRGa.R222","PRGa","1.1075962321034e-09"
"PRGa.R223","PRGa","2.47643755391689e-09"
